pokemon_tcg_set_id,name_en,series_en,ptcgo_code,release_date,printed_total,total_cards,secret_card_count,legalities,symbol_url,logo_url,source_updated_at,is_active,notes
base1,Base,Base,BS,1999-01-09,102,102,0,"{""unlimited"": ""Legal""}",https://images.pokemontcg.io/base1/symbol.png,https://images.pokemontcg.io/base1/logo.png,2022-10-10 15:12:00,True,
base2,Jungle,Base,JU,1999-06-16,64,64,0,"{""unlimited"": ""Legal""}",https://images.pokemontcg.io/base2/symbol.png,https://images.pokemontcg.io/base2/logo.png,2020-08-14 09:35:00,True,
basep,Wizards Black Star Promos,Base,PR,1999-07-01,53,53,0,"{""unlimited"": ""Legal""}",https://images.pokemontcg.io/basep/symbol.png,https://images.pokemontcg.io/basep/logo.png,2020-08-14 09:35:00,True,
base3,Fossil,Base,FO,1999-10-10,62,62,0,"{""unlimited"": ""Legal""}",https://images.pokemontcg.io/base3/symbol.png,https://images.pokemontcg.io/base3/logo.png,2020-08-14 09:35:00,True,
base4,Base Set 2,Base,B2,2000-02-24,130,130,0,"{""unlimited"": ""Legal""}",https://images.pokemontcg.io/base4/symbol.png,https://images.pokemontcg.io/base4/logo.png,2022-10-10 15:12:00,True,
base5,Team Rocket,Base,TR,2000-04-24,82,83,1,"{""unlimited"": ""Legal""}",https://images.pokemontcg.io/base5/symbol.png,https://images.pokemontcg.io/base5/logo.png,2020-08-14 09:35:00,True,
gym1,Gym Heroes,Gym,G1,2000-08-14,132,132,0,"{""unlimited"": ""Legal""}",https://images.pokemontcg.io/gym1/symbol.png,https://images.pokemontcg.io/gym1/logo.png,2022-10-10 15:12:00,True,
gym2,Gym Challenge,Gym,G2,2000-10-16,132,132,0,"{""unlimited"": ""Legal""}",https://images.pokemontcg.io/gym2/symbol.png,https://images.pokemontcg.io/gym2/logo.png,2022-10-10 15:12:00,True,
neo1,Neo Genesis,Neo,N1,2000-12-16,111,111,0,"{""unlimited"": ""Legal""}",https://images.pokemontcg.io/neo1/symbol.png,https://images.pokemontcg.io/neo1/logo.png,2022-10-10 15:12:00,True,
neo2,Neo Discovery,Neo,N2,2001-06-01,75,75,0,"{""unlimited"": ""Legal""}",https://images.pokemontcg.io/neo2/symbol.png,https://images.pokemontcg.io/neo2/logo.png,2020-08-14 09:35:00,True,
si1,Southern Islands,Other,,2001-07-31,18,18,0,"{""unlimited"": ""Legal""}",https://images.pokemontcg.io/si1/symbol.png,https://images.pokemontcg.io/si1/logo.png,2019-01-28 16:44:00,True,
neo3,Neo Revelation,Neo,N3,2001-09-21,64,66,2,"{""unlimited"": ""Legal""}",https://images.pokemontcg.io/neo3/symbol.png,https://images.pokemontcg.io/neo3/logo.png,2020-08-14 09:35:00,True,
neo4,Neo Destiny,Neo,N4,2002-02-28,105,113,8,"{""unlimited"": ""Legal""}",https://images.pokemontcg.io/neo4/symbol.png,https://images.pokemontcg.io/neo4/logo.png,2020-09-25 10:09:00,True,
base6,Legendary Collection,Other,LC,2002-05-24,110,110,0,"{""unlimited"": ""Legal""}",https://images.pokemontcg.io/base6/symbol.png,https://images.pokemontcg.io/base6/logo.png,2020-08-14 09:35:00,True,
ecard1,Expedition Base Set,E-Card,EX,2002-09-15,165,165,0,"{""unlimited"": ""Legal""}",https://images.pokemontcg.io/ecard1/symbol.png,https://images.pokemontcg.io/ecard1/logo.png,2022-10-10 15:12:00,True,
bp,Best of Game,Other,BP,2002-12-01,9,9,0,"{""unlimited"": ""Legal""}",https://images.pokemontcg.io/bp/symbol.png,https://images.pokemontcg.io/bp/logo.png,2021-10-16 09:52:00,True,
ecard2,Aquapolis,E-Card,AQ,2003-01-15,147,182,35,"{""unlimited"": ""Legal""}",https://images.pokemontcg.io/ecard2/symbol.png,https://images.pokemontcg.io/ecard2/logo.png,2020-08-14 09:35:00,True,
ecard3,Skyridge,E-Card,SK,2003-05-12,144,182,38,"{""unlimited"": ""Legal""}",https://images.pokemontcg.io/ecard3/symbol.png,https://images.pokemontcg.io/ecard3/logo.png,2020-08-14 09:35:00,True,
ex1,Ruby & Sapphire,EX,RS,2003-07-01,109,109,0,"{""unlimited"": ""Legal""}",https://images.pokemontcg.io/ex1/symbol.png,https://images.pokemontcg.io/ex1/logo.png,2018-03-04 10:35:00,True,
ex2,Sandstorm,EX,SS,2003-09-18,100,100,0,"{""unlimited"": ""Legal""}",https://images.pokemontcg.io/ex2/symbol.png,https://images.pokemontcg.io/ex2/logo.png,2018-03-04 10:35:00,True,
ex3,Dragon,EX,DR,2003-11-24,97,100,3,"{""unlimited"": ""Legal""}",https://images.pokemontcg.io/ex3/symbol.png,https://images.pokemontcg.io/ex3/logo.png,2023-02-16 05:47:00,True,
np,Nintendo Black Star Promos,NP,PR-NP,2003-10-01,40,40,0,"{""unlimited"": ""Legal""}",https://images.pokemontcg.io/np/symbol.png,https://images.pokemontcg.io/np/logo.png,2020-05-01 16:06:00,True,
ex4,Team Magma vs Team Aqua,EX,MA,2004-03-01,95,97,2,"{""unlimited"": ""Legal""}",https://images.pokemontcg.io/ex4/symbol.png,https://images.pokemontcg.io/ex4/logo.png,2019-01-28 16:44:00,True,
tk1a,EX Trainer Kit Latias,EX,,2004-06-01,10,10,0,"{""unlimited"": ""Legal""}",https://images.pokemontcg.io/tk1a/symbol.png,https://images.pokemontcg.io/tk1a/logo.png,2022-01-13 20:44:00,True,
tk1b,EX Trainer Kit Latios,EX,,2004-06-01,10,10,0,"{""unlimited"": ""Legal""}",https://images.pokemontcg.io/tk1b/symbol.png,https://images.pokemontcg.io/tk1b/logo.png,2022-01-13 20:44:00,True,
ex5,Hidden Legends,EX,HL,2004-06-01,101,102,1,"{""unlimited"": ""Legal""}",https://images.pokemontcg.io/ex5/symbol.png,https://images.pokemontcg.io/ex5/logo.png,2019-01-28 16:44:00,True,
ex6,FireRed & LeafGreen,EX,RG,2004-09-01,112,116,4,"{""unlimited"": ""Legal""}",https://images.pokemontcg.io/ex6/symbol.png,https://images.pokemontcg.io/ex6/logo.png,2019-01-28 16:44:00,True,
pop1,POP Series 1,POP,,2004-09-01,17,17,0,"{""unlimited"": ""Legal""}",https://images.pokemontcg.io/pop1/symbol.png,https://images.pokemontcg.io/pop1/logo.png,2018-03-04 10:35:00,True,
ex7,Team Rocket Returns,EX,TRR,2004-11-01,109,111,2,"{""unlimited"": ""Legal""}",https://images.pokemontcg.io/ex7/symbol.png,https://images.pokemontcg.io/ex7/logo.png,2019-01-28 16:44:00,True,
ex8,Deoxys,EX,DX,2005-02-01,107,108,1,"{""unlimited"": ""Legal""}",https://images.pokemontcg.io/ex8/symbol.png,https://images.pokemontcg.io/ex8/logo.png,2019-01-28 16:44:00,True,
ex9,Emerald,EX,EM,2005-05-01,106,107,1,"{""unlimited"": ""Legal""}",https://images.pokemontcg.io/ex9/symbol.png,https://images.pokemontcg.io/ex9/logo.png,2020-02-08 09:00:00,True,
ex10,Unseen Forces,EX,UF,2005-08-01,115,145,30,"{""unlimited"": ""Legal""}",https://images.pokemontcg.io/ex10/symbol.png,https://images.pokemontcg.io/ex10/logo.png,2020-08-14 09:35:00,True,
pop2,POP Series 2,POP,,2005-08-01,17,17,0,"{""unlimited"": ""Legal""}",https://images.pokemontcg.io/pop2/symbol.png,https://images.pokemontcg.io/pop2/logo.png,2018-03-04 10:35:00,True,
ex11,Delta Species,EX,DS,2005-10-31,113,114,1,"{""unlimited"": ""Legal""}",https://images.pokemontcg.io/ex11/symbol.png,https://images.pokemontcg.io/ex11/logo.png,2020-05-01 16:06:00,True,
ex12,Legend Maker,EX,LM,2006-02-01,92,93,1,"{""unlimited"": ""Legal""}",https://images.pokemontcg.io/ex12/symbol.png,https://images.pokemontcg.io/ex12/logo.png,2018-03-04 10:35:00,True,
tk2a,EX Trainer Kit 2 Plusle,EX,,2006-03-01,12,12,0,"{""unlimited"": ""Legal""}",https://images.pokemontcg.io/tk2a/symbol.png,https://images.pokemontcg.io/tk2a/logo.png,2022-01-13 20:44:00,True,
tk2b,EX Trainer Kit 2 Minun,EX,,2006-03-01,12,12,0,"{""unlimited"": ""Legal""}",https://images.pokemontcg.io/tk2b/symbol.png,https://images.pokemontcg.io/tk2b/logo.png,2022-01-13 20:44:00,True,
pop3,POP Series 3,POP,,2006-04-01,17,17,0,"{""unlimited"": ""Legal""}",https://images.pokemontcg.io/pop3/symbol.png,https://images.pokemontcg.io/pop3/logo.png,2020-08-14 09:35:00,True,
ex13,Holon Phantoms,EX,HP,2006-05-01,110,111,1,"{""unlimited"": ""Legal""}",https://images.pokemontcg.io/ex13/symbol.png,https://images.pokemontcg.io/ex13/logo.png,2018-03-04 10:35:00,True,
ex14,Crystal Guardians,EX,CG,2006-08-01,100,100,0,"{""unlimited"": ""Legal""}",https://images.pokemontcg.io/ex14/symbol.png,https://images.pokemontcg.io/ex14/logo.png,2018-03-04 10:35:00,True,
pop4,POP Series 4,POP,,2006-08-01,17,17,0,"{""unlimited"": ""Legal""}",https://images.pokemontcg.io/pop4/symbol.png,https://images.pokemontcg.io/pop4/logo.png,2020-08-14 09:35:00,True,
ex15,Dragon Frontiers,EX,DF,2006-11-01,101,101,0,"{""unlimited"": ""Legal""}",https://images.pokemontcg.io/ex15/symbol.png,https://images.pokemontcg.io/ex15/logo.png,2020-08-14 09:35:00,True,
pop5,POP Series 5,POP,,2007-03-01,17,17,0,"{""unlimited"": ""Legal""}",https://images.pokemontcg.io/pop5/symbol.png,https://images.pokemontcg.io/pop5/logo.png,2020-08-14 09:35:00,True,
ex16,Power Keepers,EX,PK,2007-02-02,108,108,0,"{""unlimited"": ""Legal""}",https://images.pokemontcg.io/ex16/symbol.png,https://images.pokemontcg.io/ex16/logo.png,2018-03-04 10:35:00,True,
dp1,Diamond & Pearl,Diamond & Pearl,DP,2007-05-01,130,130,0,"{""unlimited"": ""Legal""}",https://images.pokemontcg.io/dp1/symbol.png,https://images.pokemontcg.io/dp1/logo.png,2020-08-14 09:35:00,True,
dpp,DP Black Star Promos,Diamond & Pearl,PR-DPP,2007-05-01,56,56,0,"{""unlimited"": ""Legal""}",https://images.pokemontcg.io/dpp/symbol.png,https://images.pokemontcg.io/dpp/logo.png,2020-08-14 09:35:00,True,
dp2,Mysterious Treasures,Diamond & Pearl,MT,2007-08-01,123,124,1,"{""unlimited"": ""Legal""}",https://images.pokemontcg.io/dp2/symbol.png,https://images.pokemontcg.io/dp2/logo.png,2018-03-04 10:35:00,True,
pop6,POP Series 6,POP,,2007-09-01,17,17,0,"{""unlimited"": ""Legal""}",https://images.pokemontcg.io/pop6/symbol.png,https://images.pokemontcg.io/pop6/logo.png,2020-05-01 16:06:00,True,
dp3,Secret Wonders,Diamond & Pearl,SW,2007-11-01,132,132,0,"{""unlimited"": ""Legal""}",https://images.pokemontcg.io/dp3/symbol.png,https://images.pokemontcg.io/dp3/logo.png,2018-03-04 10:35:00,True,
dp4,Great Encounters,Diamond & Pearl,GE,2008-02-01,106,106,0,"{""unlimited"": ""Legal""}",https://images.pokemontcg.io/dp4/symbol.png,https://images.pokemontcg.io/dp4/logo.png,2018-03-04 10:35:00,True,
pop7,POP Series 7,POP,,2008-03-01,17,17,0,"{""unlimited"": ""Legal""}",https://images.pokemontcg.io/pop7/symbol.png,https://images.pokemontcg.io/pop7/logo.png,2018-03-04 10:35:00,True,
dp5,Majestic Dawn,Diamond & Pearl,MD,2008-05-01,100,100,0,"{""unlimited"": ""Legal""}",https://images.pokemontcg.io/dp5/symbol.png,https://images.pokemontcg.io/dp5/logo.png,2018-03-04 10:35:00,True,
dp6,Legends Awakened,Diamond & Pearl,LA,2008-08-01,146,146,0,"{""unlimited"": ""Legal""}",https://images.pokemontcg.io/dp6/symbol.png,https://images.pokemontcg.io/dp6/logo.png,2018-03-04 10:35:00,True,
pop8,POP Series 8,POP,,2008-09-01,17,17,0,"{""unlimited"": ""Legal""}",https://images.pokemontcg.io/pop8/symbol.png,https://images.pokemontcg.io/pop8/logo.png,2018-03-04 10:35:00,True,
dp7,Stormfront,Diamond & Pearl,SF,2008-11-01,100,106,6,"{""unlimited"": ""Legal""}",https://images.pokemontcg.io/dp7/symbol.png,https://images.pokemontcg.io/dp7/logo.png,2020-05-01 16:06:00,True,
pl1,Platinum,Platinum,PL,2009-02-11,127,133,6,"{""unlimited"": ""Legal""}",https://images.pokemontcg.io/pl1/symbol.png,https://images.pokemontcg.io/pl1/logo.png,2020-08-14 09:35:00,True,
pop9,POP Series 9,POP,,2009-03-01,17,17,0,"{""unlimited"": ""Legal""}",https://images.pokemontcg.io/pop9/symbol.png,https://images.pokemontcg.io/pop9/logo.png,2020-05-01 16:06:00,True,
pl2,Rising Rivals,Platinum,RR,2009-05-16,111,120,9,"{""unlimited"": ""Legal""}",https://images.pokemontcg.io/pl2/symbol.png,https://images.pokemontcg.io/pl2/logo.png,2020-08-14 09:35:00,True,
pl3,Supreme Victors,Platinum,SV,2009-08-19,147,153,6,"{""unlimited"": ""Legal""}",https://images.pokemontcg.io/pl3/symbol.png,https://images.pokemontcg.io/pl3/logo.png,2018-03-07 22:40:00,True,
pl4,Arceus,Platinum,AR,2009-11-04,99,111,12,"{""unlimited"": ""Legal""}",https://images.pokemontcg.io/pl4/symbol.png,https://images.pokemontcg.io/pl4/logo.png,2021-07-15 11:30:00,True,
ru1,Pokémon Rumble,Other,,2009-12-02,16,16,0,"{""unlimited"": ""Legal""}",https://images.pokemontcg.io/ru1/symbol.png,https://images.pokemontcg.io/ru1/logo.png,2019-01-28 16:44:00,True,
hgss1,HeartGold & SoulSilver,HeartGold & SoulSilver,HS,2010-02-10,123,124,1,"{""unlimited"": ""Legal""}",https://images.pokemontcg.io/hgss1/symbol.png,https://images.pokemontcg.io/hgss1/logo.png,2018-03-04 10:35:00,True,
hsp,HGSS Black Star Promos,HeartGold & SoulSilver,PR-HS,2010-02-10,25,25,0,"{""unlimited"": ""Legal""}",https://images.pokemontcg.io/hsp/symbol.png,https://images.pokemontcg.io/hsp/logo.png,2019-01-28 16:44:00,True,
hgss2,HS—Unleashed,HeartGold & SoulSilver,UL,2010-05-12,95,96,1,"{""unlimited"": ""Legal""}",https://images.pokemontcg.io/hgss2/symbol.png,https://images.pokemontcg.io/hgss2/logo.png,2018-03-04 10:35:00,True,
hgss3,HS—Undaunted,HeartGold & SoulSilver,UD,2010-08-18,90,91,1,"{""unlimited"": ""Legal""}",https://images.pokemontcg.io/hgss3/symbol.png,https://images.pokemontcg.io/hgss3/logo.png,2018-03-04 10:35:00,True,
hgss4,HS—Triumphant,HeartGold & SoulSilver,TM,2010-11-03,102,103,1,"{""unlimited"": ""Legal""}",https://images.pokemontcg.io/hgss4/symbol.png,https://images.pokemontcg.io/hgss4/logo.png,2018-03-04 10:35:00,True,
col1,Call of Legends,HeartGold & SoulSilver,CL,2011-02-09,95,106,11,"{""unlimited"": ""Legal""}",https://images.pokemontcg.io/col1/symbol.png,https://images.pokemontcg.io/col1/logo.png,2018-03-04 10:35:00,True,
bwp,BW Black Star Promos,Black & White,PR-BLW,2011-03-01,101,101,0,"{""unlimited"": ""Legal"", ""expanded"": ""Legal""}",https://images.pokemontcg.io/bwp/symbol.png,https://images.pokemontcg.io/bwp/logo.png,2020-08-14 09:35:00,True,
bw1,Black & White,Black & White,BLW,2011-04-25,114,115,1,"{""unlimited"": ""Legal"", ""expanded"": ""Legal""}",https://images.pokemontcg.io/bw1/symbol.png,https://images.pokemontcg.io/bw1/logo.png,2018-11-29 19:56:00,True,
mcd11,McDonald's Collection 2011,Other,,2011-06-17,12,12,0,"{""unlimited"": ""Legal"", ""expanded"": ""Legal""}",https://images.pokemontcg.io/mcd11/symbol.png,https://images.pokemontcg.io/mcd11/logo.png,2022-10-10 15:12:00,True,
bw2,Emerging Powers,Black & White,EPO,2011-08-31,98,98,0,"{""unlimited"": ""Legal"", ""expanded"": ""Legal""}",https://images.pokemontcg.io/bw2/symbol.png,https://images.pokemontcg.io/bw2/logo.png,2018-03-04 10:35:00,True,
bw3,Noble Victories,Black & White,NVI,2011-11-16,101,102,1,"{""unlimited"": ""Legal"", ""expanded"": ""Legal""}",https://images.pokemontcg.io/bw3/symbol.png,https://images.pokemontcg.io/bw3/logo.png,2018-03-04 10:35:00,True,
bw4,Next Destinies,Black & White,NXD,2012-02-08,99,103,4,"{""unlimited"": ""Legal"", ""expanded"": ""Legal""}",https://images.pokemontcg.io/bw4/symbol.png,https://images.pokemontcg.io/bw4/logo.png,2019-01-28 16:44:00,True,
bw5,Dark Explorers,Black & White,DEX,2012-05-09,108,111,3,"{""unlimited"": ""Legal"", ""expanded"": ""Legal""}",https://images.pokemontcg.io/bw5/symbol.png,https://images.pokemontcg.io/bw5/logo.png,2018-03-04 10:35:00,True,
mcd12,McDonald's Collection 2012,Other,,2012-06-15,12,12,0,"{""unlimited"": ""Legal"", ""expanded"": ""Legal""}",https://images.pokemontcg.io/mcd12/symbol.png,https://images.pokemontcg.io/mcd12/logo.png,2022-10-10 15:12:00,True,
bw6,Dragons Exalted,Black & White,DRX,2012-08-15,124,128,4,"{""unlimited"": ""Legal"", ""expanded"": ""Legal""}",https://images.pokemontcg.io/bw6/symbol.png,https://images.pokemontcg.io/bw6/logo.png,2018-03-04 10:35:00,True,
dv1,Dragon Vault,Black & White,DRV,2012-10-05,20,21,1,"{""unlimited"": ""Legal"", ""expanded"": ""Legal""}",https://images.pokemontcg.io/dv1/symbol.png,https://images.pokemontcg.io/dv1/logo.png,2019-01-28 16:44:00,True,
bw7,Boundaries Crossed,Black & White,BCR,2012-11-07,149,153,4,"{""unlimited"": ""Legal"", ""expanded"": ""Legal""}",https://images.pokemontcg.io/bw7/symbol.png,https://images.pokemontcg.io/bw7/logo.png,2018-03-04 10:35:00,True,
bw8,Plasma Storm,Black & White,PLS,2013-02-06,135,138,3,"{""unlimited"": ""Legal"", ""expanded"": ""Legal""}",https://images.pokemontcg.io/bw8/symbol.png,https://images.pokemontcg.io/bw8/logo.png,2020-08-14 09:35:00,True,
bw9,Plasma Freeze,Black & White,PLF,2013-05-08,116,122,6,"{""unlimited"": ""Legal"", ""expanded"": ""Legal""}",https://images.pokemontcg.io/bw9/symbol.png,https://images.pokemontcg.io/bw9/logo.png,2018-03-04 10:35:00,True,
bw10,Plasma Blast,Black & White,PLB,2013-08-14,101,105,4,"{""unlimited"": ""Legal"", ""expanded"": ""Legal""}",https://images.pokemontcg.io/bw10/symbol.png,https://images.pokemontcg.io/bw10/logo.png,2018-03-04 10:35:00,True,
xyp,XY Black Star Promos,XY,PR-XY,2013-10-12,211,216,5,"{""unlimited"": ""Legal"", ""expanded"": ""Legal""}",https://images.pokemontcg.io/xyp/symbol.png,https://images.pokemontcg.io/xyp/logo.png,2020-08-14 09:35:00,True,
bw11,Legendary Treasures,Black & White,LTR,2013-11-06,113,140,27,"{""unlimited"": ""Legal"", ""expanded"": ""Legal""}",https://images.pokemontcg.io/bw11/symbol.png,https://images.pokemontcg.io/bw11/logo.png,2018-03-04 10:35:00,True,
xy0,Kalos Starter Set,XY,KSS,2013-11-08,39,39,0,"{""unlimited"": ""Legal"", ""expanded"": ""Legal""}",https://images.pokemontcg.io/xy0/symbol.png,https://images.pokemontcg.io/xy0/logo.png,2018-03-04 10:35:00,True,
xy1,XY,XY,XY,2014-02-05,146,146,0,"{""unlimited"": ""Legal"", ""expanded"": ""Legal""}",https://images.pokemontcg.io/xy1/symbol.png,https://images.pokemontcg.io/xy1/logo.png,2018-03-04 10:35:00,True,
xy2,Flashfire,XY,FLF,2014-05-07,106,110,4,"{""unlimited"": ""Legal"", ""expanded"": ""Legal""}",https://images.pokemontcg.io/xy2/symbol.png,https://images.pokemontcg.io/xy2/logo.png,2018-03-04 10:35:00,True,
mcd14,McDonald's Collection 2014,Other,,2014-05-23,12,12,0,"{""unlimited"": ""Legal"", ""expanded"": ""Legal""}",https://images.pokemontcg.io/mcd14/symbol.png,https://images.pokemontcg.io/mcd14/logo.png,2022-10-10 15:12:00,True,
xy3,Furious Fists,XY,FFI,2014-08-13,111,114,3,"{""unlimited"": ""Legal"", ""expanded"": ""Legal""}",https://images.pokemontcg.io/xy3/symbol.png,https://images.pokemontcg.io/xy3/logo.png,2018-03-04 10:35:00,True,
xy4,Phantom Forces,XY,PHF,2014-11-05,119,124,5,"{""unlimited"": ""Legal"", ""expanded"": ""Legal""}",https://images.pokemontcg.io/xy4/symbol.png,https://images.pokemontcg.io/xy4/logo.png,2020-08-14 09:35:00,True,
xy5,Primal Clash,XY,PRC,2015-02-04,160,164,4,"{""unlimited"": ""Legal"", ""expanded"": ""Legal""}",https://images.pokemontcg.io/xy5/symbol.png,https://images.pokemontcg.io/xy5/logo.png,2020-05-01 16:06:00,True,
dc1,Double Crisis,XY,DCR,2015-03-25,34,34,0,"{""unlimited"": ""Legal"", ""expanded"": ""Legal""}",https://images.pokemontcg.io/dc1/symbol.png,https://images.pokemontcg.io/dc1/logo.png,2019-01-28 16:44:00,True,
xy6,Roaring Skies,XY,ROS,2015-05-06,108,112,4,"{""unlimited"": ""Legal"", ""expanded"": ""Legal""}",https://images.pokemontcg.io/xy6/symbol.png,https://images.pokemontcg.io/xy6/logo.png,2020-08-14 09:35:00,True,
xy7,Ancient Origins,XY,AOR,2015-08-12,98,100,2,"{""unlimited"": ""Legal"", ""expanded"": ""Legal""}",https://images.pokemontcg.io/xy7/symbol.png,https://images.pokemontcg.io/xy7/logo.png,2020-08-14 09:35:00,True,
xy8,BREAKthrough,XY,BKT,2015-11-04,162,165,3,"{""unlimited"": ""Legal"", ""expanded"": ""Legal""}",https://images.pokemontcg.io/xy8/symbol.png,https://images.pokemontcg.io/xy8/logo.png,2019-04-10 19:59:00,True,
mcd15,McDonald's Collection 2015,Other,,2015-11-27,12,12,0,"{""unlimited"": ""Legal"", ""expanded"": ""Legal""}",https://images.pokemontcg.io/mcd15/symbol.png,https://images.pokemontcg.io/mcd15/logo.png,2022-10-10 15:12:00,True,
xy9,BREAKpoint,XY,BKP,2016-02-03,122,126,4,"{""unlimited"": ""Legal"", ""expanded"": ""Legal""}",https://images.pokemontcg.io/xy9/symbol.png,https://images.pokemontcg.io/xy9/logo.png,2020-08-14 09:35:00,True,
g1,Generations,XY,GEN,2016-02-22,83,117,34,"{""unlimited"": ""Legal"", ""expanded"": ""Legal""}",https://images.pokemontcg.io/g1/symbol.png,https://images.pokemontcg.io/g1/logo.png,2020-08-14 09:35:00,True,
xy10,Fates Collide,XY,FCO,2016-05-02,124,129,5,"{""unlimited"": ""Legal"", ""expanded"": ""Legal""}",https://images.pokemontcg.io/xy10/symbol.png,https://images.pokemontcg.io/xy10/logo.png,2018-09-03 11:49:00,True,
xy11,Steam Siege,XY,STS,2016-08-03,114,116,2,"{""unlimited"": ""Legal"", ""expanded"": ""Legal""}",https://images.pokemontcg.io/xy11/symbol.png,https://images.pokemontcg.io/xy11/logo.png,2019-04-10 19:59:00,True,
mcd16,McDonald's Collection 2016,Other,,2016-08-19,12,12,0,"{""unlimited"": ""Legal"", ""expanded"": ""Legal""}",https://images.pokemontcg.io/mcd16/symbol.png,https://images.pokemontcg.io/mcd16/logo.png,2022-10-10 15:12:00,True,
xy12,Evolutions,XY,EVO,2016-11-02,108,113,5,"{""unlimited"": ""Legal"", ""expanded"": ""Legal""}",https://images.pokemontcg.io/xy12/symbol.png,https://images.pokemontcg.io/xy12/logo.png,2020-09-25 10:09:00,True,
sm1,Sun & Moon,Sun & Moon,SUM,2017-02-03,149,173,24,"{""unlimited"": ""Legal"", ""expanded"": ""Legal""}",https://images.pokemontcg.io/sm1/symbol.png,https://images.pokemontcg.io/sm1/logo.png,2019-04-10 19:59:00,True,
smp,SM Black Star Promos,Sun & Moon,PR-SM,2017-02-03,248,250,2,"{""unlimited"": ""Legal"", ""expanded"": ""Legal""}",https://images.pokemontcg.io/smp/symbol.png,https://images.pokemontcg.io/smp/logo.png,2020-05-01 16:06:00,True,
sm2,Guardians Rising,Sun & Moon,GRI,2017-05-05,145,180,35,"{""unlimited"": ""Legal"", ""expanded"": ""Legal""}",https://images.pokemontcg.io/sm2/symbol.png,https://images.pokemontcg.io/sm2/logo.png,2022-10-11 21:39:00,True,
sm3,Burning Shadows,Sun & Moon,BUS,2017-08-05,147,177,30,"{""unlimited"": ""Legal"", ""expanded"": ""Legal""}",https://images.pokemontcg.io/sm3/symbol.png,https://images.pokemontcg.io/sm3/logo.png,2022-10-11 21:39:00,True,
sm35,Shining Legends,Sun & Moon,SLG,2017-10-06,73,81,8,"{""unlimited"": ""Legal"", ""expanded"": ""Legal""}",https://images.pokemontcg.io/sm35/symbol.png,https://images.pokemontcg.io/sm35/logo.png,2022-10-11 21:39:00,True,
sm4,Crimson Invasion,Sun & Moon,CIN,2017-11-03,111,126,15,"{""unlimited"": ""Legal"", ""expanded"": ""Legal""}",https://images.pokemontcg.io/sm4/symbol.png,https://images.pokemontcg.io/sm4/logo.png,2022-10-11 21:39:00,True,
mcd17,McDonald's Collection 2017,Other,,2017-11-07,12,12,0,"{""unlimited"": ""Legal"", ""expanded"": ""Legal""}",https://images.pokemontcg.io/mcd17/symbol.png,https://images.pokemontcg.io/mcd17/logo.png,2022-10-10 15:12:00,True,
sm5,Ultra Prism,Sun & Moon,UPR,2018-02-02,156,178,22,"{""unlimited"": ""Legal"", ""expanded"": ""Legal""}",https://images.pokemontcg.io/sm5/symbol.png,https://images.pokemontcg.io/sm5/logo.png,2019-02-19 23:25:00,True,
sm6,Forbidden Light,Sun & Moon,FLI,2018-05-04,131,150,19,"{""unlimited"": ""Legal"", ""expanded"": ""Legal""}",https://images.pokemontcg.io/sm6/symbol.png,https://images.pokemontcg.io/sm6/logo.png,2019-02-19 23:25:00,True,
sm7,Celestial Storm,Sun & Moon,CES,2018-08-03,168,187,19,"{""unlimited"": ""Legal"", ""expanded"": ""Legal""}",https://images.pokemontcg.io/sm7/symbol.png,https://images.pokemontcg.io/sm7/logo.png,2022-10-11 21:39:00,True,
sm75,Dragon Majesty,Sun & Moon,DRM,2018-09-07,70,80,10,"{""unlimited"": ""Legal"", ""expanded"": ""Legal""}",https://images.pokemontcg.io/sm75/symbol.png,https://images.pokemontcg.io/sm75/logo.png,2018-10-01 21:54:00,True,
mcd18,McDonald's Collection 2018,Other,,2018-10-16,12,12,0,"{""unlimited"": ""Legal"", ""expanded"": ""Legal""}",https://images.pokemontcg.io/mcd18/symbol.png,https://images.pokemontcg.io/mcd18/logo.png,2022-10-10 15:12:00,True,
sm8,Lost Thunder,Sun & Moon,LOT,2018-11-02,214,240,26,"{""unlimited"": ""Legal"", ""expanded"": ""Legal""}",https://images.pokemontcg.io/sm8/symbol.png,https://images.pokemontcg.io/sm8/logo.png,2020-08-14 09:35:00,True,
sm9,Team Up,Sun & Moon,TEU,2019-02-01,181,198,17,"{""unlimited"": ""Legal"", ""expanded"": ""Legal""}",https://images.pokemontcg.io/sm9/symbol.png,https://images.pokemontcg.io/sm9/logo.png,2021-09-01 05:37:00,True,
det1,Detective Pikachu,Sun & Moon,DET,2019-04-05,18,18,0,"{""unlimited"": ""Legal"", ""expanded"": ""Legal""}",https://images.pokemontcg.io/det1/symbol.png,https://images.pokemontcg.io/det1/logo.png,2021-09-01 05:37:00,True,
sm10,Unbroken Bonds,Sun & Moon,UNB,2019-05-03,214,234,20,"{""unlimited"": ""Legal"", ""expanded"": ""Legal""}",https://images.pokemontcg.io/sm10/symbol.png,https://images.pokemontcg.io/sm10/logo.png,2021-09-01 05:37:00,True,
sm11,Unified Minds,Sun & Moon,UNM,2019-08-02,236,260,24,"{""unlimited"": ""Legal"", ""expanded"": ""Legal""}",https://images.pokemontcg.io/sm11/symbol.png,https://images.pokemontcg.io/sm11/logo.png,2021-09-01 05:37:00,True,
sm115,Hidden Fates,Sun & Moon,HIF,2019-08-23,68,69,1,"{""unlimited"": ""Legal"", ""expanded"": ""Legal""}",https://images.pokemontcg.io/sm115/symbol.png,https://images.pokemontcg.io/sm115/logo.png,2021-09-01 05:37:00,True,
sma,Hidden Fates Shiny Vault,Sun & Moon,HIF,2019-08-23,94,94,0,"{""unlimited"": ""Legal"", ""expanded"": ""Legal""}",https://images.pokemontcg.io/sma/symbol.png,https://images.pokemontcg.io/sma/logo.png,2021-09-01 05:37:00,True,
mcd19,McDonald's Collection 2019,Other,,2019-10-15,12,12,0,"{""unlimited"": ""Legal"", ""expanded"": ""Legal""}",https://images.pokemontcg.io/mcd19/symbol.png,https://images.pokemontcg.io/mcd19/logo.png,2022-10-10 15:12:00,True,
sm12,Cosmic Eclipse,Sun & Moon,CEC,2019-11-01,236,272,36,"{""unlimited"": ""Legal"", ""expanded"": ""Legal""}",https://images.pokemontcg.io/sm12/symbol.png,https://images.pokemontcg.io/sm12/logo.png,2021-09-01 05:37:00,True,
swshp,SWSH Black Star Promos,Sword & Shield,PR-SW,2019-11-15,307,304,0,"{""unlimited"": ""Legal"", ""standard"": ""Legal"", ""expanded"": ""Legal""}",https://images.pokemontcg.io/swshp/symbol.png,https://images.pokemontcg.io/swshp/logo.png,2022-07-23 20:15:00,True,Source has total_cards lower than printed_total; secret_card_count was normalized to 0.
swsh1,Sword & Shield,Sword & Shield,SSH,2020-02-07,202,216,14,"{""unlimited"": ""Legal"", ""expanded"": ""Legal""}",https://images.pokemontcg.io/swsh1/symbol.png,https://images.pokemontcg.io/swsh1/logo.png,2020-08-14 09:35:00,True,
swsh2,Rebel Clash,Sword & Shield,RCL,2020-05-01,192,209,17,"{""unlimited"": ""Legal"", ""expanded"": ""Legal""}",https://images.pokemontcg.io/swsh2/symbol.png,https://images.pokemontcg.io/swsh2/logo.png,2020-09-25 10:09:00,True,
swsh3,Darkness Ablaze,Sword & Shield,DAA,2020-08-14,189,201,12,"{""unlimited"": ""Legal"", ""expanded"": ""Legal""}",https://images.pokemontcg.io/swsh3/symbol.png,https://images.pokemontcg.io/swsh3/logo.png,2020-10-25 13:45:00,True,
fut20,Pokémon Futsal Collection,Other,FUT20,2020-09-11,5,5,0,"{""unlimited"": ""Legal"", ""expanded"": ""Legal""}",https://images.pokemontcg.io/fut20/symbol.png,https://images.pokemontcg.io/fut20/logo.png,2022-10-10 15:12:00,True,
swsh35,Champion's Path,Sword & Shield,CPA,2020-09-25,73,80,7,"{""unlimited"": ""Legal"", ""expanded"": ""Legal""}",https://images.pokemontcg.io/swsh35/symbol.png,https://images.pokemontcg.io/swsh35/logo.png,2020-10-25 13:45:00,True,
swsh4,Vivid Voltage,Sword & Shield,VIV,2020-11-13,185,203,18,"{""unlimited"": ""Legal"", ""expanded"": ""Legal""}",https://images.pokemontcg.io/swsh4/symbol.png,https://images.pokemontcg.io/swsh4/logo.png,2020-11-13 16:20:00,True,
swsh45,Shining Fates,Sword & Shield,SHF,2021-02-19,72,73,1,"{""unlimited"": ""Legal"", ""expanded"": ""Legal""}",https://images.pokemontcg.io/swsh45/symbol.png,https://images.pokemontcg.io/swsh45/logo.png,2021-02-24 16:17:00,True,
swsh45sv,Shining Fates Shiny Vault,Sword & Shield,SHF,2021-02-19,122,122,0,"{""unlimited"": ""Legal"", ""expanded"": ""Legal""}",https://images.pokemontcg.io/swsh45sv/symbol.png,https://images.pokemontcg.io/swsh45sv/logo.png,2021-02-24 16:17:00,True,
swsh5,Battle Styles,Sword & Shield,BST,2021-03-19,163,183,20,"{""unlimited"": ""Legal"", ""expanded"": ""Legal""}",https://images.pokemontcg.io/swsh5/symbol.png,https://images.pokemontcg.io/swsh5/logo.png,2021-03-19 15:12:00,True,
swsh6,Chilling Reign,Sword & Shield,CRE,2021-06-18,198,233,35,"{""unlimited"": ""Legal"", ""expanded"": ""Legal""}",https://images.pokemontcg.io/swsh6/symbol.png,https://images.pokemontcg.io/swsh6/logo.png,2021-06-18 12:12:00,True,
swsh7,Evolving Skies,Sword & Shield,EVS,2021-08-27,203,237,34,"{""unlimited"": ""Legal"", ""expanded"": ""Legal""}",https://images.pokemontcg.io/swsh7/symbol.png,https://images.pokemontcg.io/swsh7/logo.png,2021-08-27 10:17:00,True,
mcd21,McDonald's Collection 2021,Other,,2021-02-09,25,25,0,"{""unlimited"": ""Legal"", ""expanded"": ""Legal""}",https://images.pokemontcg.io/mcd21/symbol.png,https://images.pokemontcg.io/mcd21/logo.png,2022-10-10 15:12:00,True,
cel25,Celebrations,Sword & Shield,CEL,2021-10-08,25,25,0,"{""unlimited"": ""Legal"", ""expanded"": ""Legal""}",https://images.pokemontcg.io/cel25/symbol.png,https://images.pokemontcg.io/cel25/logo.png,2022-10-11 21:39:00,True,
cel25c,Celebrations: Classic Collection,Sword & Shield,CEL,2021-10-08,25,25,0,"{""unlimited"": ""Legal""}",https://images.pokemontcg.io/cel25c/symbol.png,https://images.pokemontcg.io/cel25c/logo.png,2022-10-11 21:39:00,True,
swsh8,Fusion Strike,Sword & Shield,FST,2021-11-12,264,284,20,"{""unlimited"": ""Legal"", ""expanded"": ""Legal""}",https://images.pokemontcg.io/swsh8/symbol.png,https://images.pokemontcg.io/swsh8/logo.png,2021-11-12 07:32:00,True,
swsh9,Brilliant Stars,Sword & Shield,BRS,2022-02-25,172,186,14,"{""unlimited"": ""Legal"", ""standard"": ""Legal"", ""expanded"": ""Legal""}",https://images.pokemontcg.io/swsh9/symbol.png,https://images.pokemontcg.io/swsh9/logo.png,2022-02-23 09:45:00,True,
swsh9tg,Brilliant Stars Trainer Gallery,Sword & Shield,BRS,2022-02-25,30,30,0,"{""unlimited"": ""Legal"", ""standard"": ""Legal"", ""expanded"": ""Legal""}",https://images.pokemontcg.io/swsh9tg/symbol.png,https://images.pokemontcg.io/swsh9tg/logo.png,2022-02-23 09:45:00,True,
swsh10,Astral Radiance,Sword & Shield,ASR,2022-05-27,189,216,27,"{""unlimited"": ""Legal"", ""standard"": ""Legal"", ""expanded"": ""Legal""}",https://images.pokemontcg.io/swsh10/symbol.png,https://images.pokemontcg.io/swsh10/logo.png,2022-05-27 09:45:00,True,
swsh10tg,Astral Radiance Trainer Gallery,Sword & Shield,ASR,2022-05-27,30,30,0,"{""unlimited"": ""Legal"", ""standard"": ""Legal"", ""expanded"": ""Legal""}",https://images.pokemontcg.io/swsh10tg/symbol.png,https://images.pokemontcg.io/swsh10tg/logo.png,2022-05-27 09:45:00,True,
pgo,Pokémon GO,Sword & Shield,PGO,2022-07-01,78,88,10,"{""unlimited"": ""Legal"", ""standard"": ""Legal"", ""expanded"": ""Legal""}",https://images.pokemontcg.io/pgo/symbol.png,https://images.pokemontcg.io/pgo/logo.png,2022-07-06 17:07:00,True,
mcd22,McDonald's Collection 2022,Other,,2022-08-03,15,15,0,"{""unlimited"": ""Legal"", ""expanded"": ""Legal"", ""standard"": ""Legal""}",https://images.pokemontcg.io/mcd22/symbol.png,https://images.pokemontcg.io/mcd22/logo.png,2022-10-09 13:21:00,True,
swsh11,Lost Origin,Sword & Shield,LOR,2022-09-09,196,217,21,"{""unlimited"": ""Legal"", ""standard"": ""Legal"", ""expanded"": ""Legal""}",https://images.pokemontcg.io/swsh11/symbol.png,https://images.pokemontcg.io/swsh11/logo.png,2022-09-09 13:45:00,True,
swsh11tg,Lost Origin Trainer Gallery,Sword & Shield,LOR,2022-09-09,30,30,0,"{""unlimited"": ""Legal"", ""standard"": ""Legal"", ""expanded"": ""Legal""}",https://images.pokemontcg.io/swsh11tg/symbol.png,https://images.pokemontcg.io/swsh11tg/logo.png,2022-09-09 13:45:00,True,
swsh12,Silver Tempest,Sword & Shield,SIT,2022-11-11,195,215,20,"{""unlimited"": ""Legal"", ""standard"": ""Legal"", ""expanded"": ""Legal""}",https://images.pokemontcg.io/swsh12/symbol.png,https://images.pokemontcg.io/swsh12/logo.png,2022-09-09 11:45:00,True,
swsh12tg,Silver Tempest Trainer Gallery,Sword & Shield,SIT,2022-11-11,30,30,0,"{""unlimited"": ""Legal"", ""standard"": ""Legal"", ""expanded"": ""Legal""}",https://images.pokemontcg.io/swsh12tg/symbol.png,https://images.pokemontcg.io/swsh12tg/logo.png,2022-11-11 11:45:00,True,
swsh12pt5,Crown Zenith,Sword & Shield,CRZ,2023-01-20,159,160,1,"{""unlimited"": ""Legal"", ""standard"": ""Legal"", ""expanded"": ""Legal""}",https://images.pokemontcg.io/swsh12pt5/symbol.png,https://images.pokemontcg.io/swsh12pt5/logo.png,2023-01-19 15:45:00,True,
swsh12pt5gg,Crown Zenith Galarian Gallery,Sword & Shield,CRZ,2023-01-20,70,70,0,"{""unlimited"": ""Legal"", ""standard"": ""Legal"", ""expanded"": ""Legal""}",https://images.pokemontcg.io/swsh12pt5gg/symbol.png,https://images.pokemontcg.io/swsh12pt5gg/logo.png,2023-01-19 15:45:00,True,
svp,Scarlet & Violet Black Star Promos,Scarlet & Violet,PR-SV,2023-01-01,102,75,0,"{""unlimited"": ""Legal"", ""standard"": ""Legal"", ""expanded"": ""Legal""}",https://images.pokemontcg.io/svp/symbol.png,https://images.pokemontcg.io/svp/logo.png,2024-11-07 22:00:00,True,Source has total_cards lower than printed_total; secret_card_count was normalized to 0.
sve,Scarlet & Violet Energies,Scarlet & Violet,SVE,2023-03-31,8,8,0,"{""unlimited"": ""Legal"", ""standard"": ""Legal"", ""expanded"": ""Legal""}",https://images.pokemontcg.io/sve/symbol.png,https://images.pokemontcg.io/sve/logo.png,2023-07-20 15:45:00,True,
sv1,Scarlet & Violet,Scarlet & Violet,SVI,2023-03-31,198,258,60,"{""unlimited"": ""Legal"", ""standard"": ""Legal"", ""expanded"": ""Legal""}",https://images.pokemontcg.io/sv1/symbol.png,https://images.pokemontcg.io/sv1/logo.png,2023-03-31 15:45:00,True,
sv2,Paldea Evolved,Scarlet & Violet,PAL,2023-06-09,193,279,86,"{""unlimited"": ""Legal"", ""standard"": ""Legal"", ""expanded"": ""Legal""}",https://images.pokemontcg.io/sv2/symbol.png,https://images.pokemontcg.io/sv2/logo.png,2023-06-09 15:00:00,True,
sv3,Obsidian Flames,Scarlet & Violet,OBF,2023-08-11,197,230,33,"{""unlimited"": ""Legal"", ""standard"": ""Legal"", ""expanded"": ""Legal""}",https://images.pokemontcg.io/sv3/symbol.png,https://images.pokemontcg.io/sv3/logo.png,2023-08-11 15:00:00,True,
sv3pt5,151,Scarlet & Violet,MEW,2023-09-22,165,207,42,"{""unlimited"": ""Legal"", ""standard"": ""Legal"", ""expanded"": ""Legal""}",https://images.pokemontcg.io/sv3pt5/symbol.png,https://images.pokemontcg.io/sv3pt5/logo.png,2023-09-22 15:00:00,True,
sv4,Paradox Rift,Scarlet & Violet,PAR,2023-11-03,182,266,84,"{""unlimited"": ""Legal"", ""standard"": ""Legal"", ""expanded"": ""Legal""}",https://images.pokemontcg.io/sv4/symbol.png,https://images.pokemontcg.io/sv4/logo.png,2023-11-03 15:00:00,True,
sv4pt5,Paldean Fates,Scarlet & Violet,PAF,2024-01-26,91,245,154,"{""unlimited"": ""Legal"", ""standard"": ""Legal"", ""expanded"": ""Legal""}",https://images.pokemontcg.io/sv4pt5/symbol.png,https://images.pokemontcg.io/sv4pt5/logo.png,2024-01-25 15:00:00,True,
sv5,Temporal Forces,Scarlet & Violet,TEF,2024-03-22,162,218,56,"{""unlimited"": ""Legal"", ""standard"": ""Legal"", ""expanded"": ""Legal""}",https://images.pokemontcg.io/sv5/symbol.png,https://images.pokemontcg.io/sv5/logo.png,2024-03-22 15:00:00,True,
sv6,Twilight Masquerade,Scarlet & Violet,TWM,2024-05-24,167,226,59,"{""unlimited"": ""Legal"", ""standard"": ""Legal"", ""expanded"": ""Legal""}",https://images.pokemontcg.io/sv6/symbol.png,https://images.pokemontcg.io/sv6/logo.png,2024-05-24 15:00:00,True,
sv6pt5,Shrouded Fable,Scarlet & Violet,SFA,2024-08-02,64,99,35,"{""unlimited"": ""Legal"", ""standard"": ""Legal"", ""expanded"": ""Legal""}",https://images.pokemontcg.io/sv6pt5/symbol.png,https://images.pokemontcg.io/sv6pt5/logo.png,2024-08-02 15:00:00,True,
sv7,Stellar Crown,Scarlet & Violet,SCR,2024-09-13,142,175,33,"{""unlimited"": ""Legal"", ""standard"": ""Legal"", ""expanded"": ""Legal""}",https://images.pokemontcg.io/sv7/symbol.png,https://images.pokemontcg.io/sv7/logo.png,2024-08-02 15:00:00,True,
sv8,Surging Sparks,Scarlet & Violet,SSP,2024-11-08,191,252,61,"{""unlimited"": ""Legal"", ""standard"": ""Legal"", ""expanded"": ""Legal""}",https://images.pokemontcg.io/sv8/symbol.png,https://images.pokemontcg.io/sv8/logo.png,2024-11-07 22:00:00,True,
sv8pt5,Prismatic Evolutions,Scarlet & Violet,PRE,2025-01-17,131,180,49,"{""unlimited"": ""Legal"", ""standard"": ""Legal"", ""expanded"": ""Legal""}",https://images.pokemontcg.io/sv8pt5/symbol.png,https://images.pokemontcg.io/sv8pt5/logo.png,2025-01-16 22:00:00,True,
sv9,Journey Together,Scarlet & Violet,JTG,2025-03-28,159,190,31,"{""unlimited"": ""Legal"", ""standard"": ""Legal"", ""expanded"": ""Legal""}",https://images.pokemontcg.io/sv9/symbol.png,https://images.pokemontcg.io/sv9/logo.png,2025-03-27 16:00:00,True,
sv10,Destined Rivals,Scarlet & Violet,DRI,2025-05-30,182,244,62,"{""unlimited"": ""Legal"", ""standard"": ""Legal"", ""expanded"": ""Legal""}",https://images.pokemontcg.io/sv10/symbol.png,https://images.pokemontcg.io/sv10/logo.png,2025-05-29 22:00:00,True,
zsv10pt5,Black Bolt,Scarlet & Violet,BLK,2025-07-18,86,172,86,"{""unlimited"": ""Legal"", ""standard"": ""Legal"", ""expanded"": ""Legal""}",https://images.pokemontcg.io/zsv10pt5/symbol.png,https://images.pokemontcg.io/zsv10pt5/logo.png,2025-07-17 15:00:00,True,
rsv10pt5,White Flare,Scarlet & Violet,WHT,2025-07-18,86,173,87,"{""unlimited"": ""Legal"", ""standard"": ""Legal"", ""expanded"": ""Legal""}",https://images.pokemontcg.io/rsv10pt5/symbol.png,https://images.pokemontcg.io/rsv10pt5/logo.png,2025-07-17 15:00:00,True,
me1,Mega Evolution,Mega Evolution,MEG,2025-09-26,132,188,56,"{""unlimited"": ""Legal"", ""standard"": ""Legal"", ""expanded"": ""Legal""}",https://images.pokemontcg.io/me1/symbol.png,https://images.pokemontcg.io/me1/logo.png,2025-09-25 15:00:00,True,
me2,Phantasmal Flames,Mega Evolution,PFL,2025-11-14,94,130,36,"{""unlimited"": ""Legal"", ""standard"": ""Legal"", ""expanded"": ""Legal""}",https://images.pokemontcg.io/me2/symbol.png,https://images.pokemontcg.io/me2/logo.png,2025-09-25 15:00:00,True,
me2pt5,Ascended Heroes,Mega Evolution,ASC,2026-01-30,217,295,78,"{""unlimited"": ""Legal"", ""standard"": ""Legal"", ""expanded"": ""Legal""}",https://images.scrydex.com/pokemon/me2pt5-symbol/symbol,https://images.scrydex.com/pokemon/me2pt5-logo/logo,2026-01-30 15:00:00,True,
me3,Perfect Order,Mega Evolution,POR,2026-03-27,88,124,36,"{""unlimited"": ""Legal"", ""standard"": ""Legal"", ""expanded"": ""Legal""}",https://images.scrydex.com/pokemon/me3-symbol/symbol,https://images.scrydex.com/pokemon/me3-logo/logo,2026-03-26 15:00:00,True,
me4,Chaos Rising,Mega Evolution,CRI,2026-05-22,86,122,36,"{""unlimited"": ""Legal"", ""standard"": ""Legal"", ""expanded"": ""Legal""}",https://images.scrydex.com/pokemon/me4-symbol/symbol,https://images.scrydex.com/pokemon/me4-logo/logo,2026-05-21 15:00:00,True,
